<?xml version="1.0" encoding="UTF-8"?>
<project-private xmlns="http://www.netbeans.org/ns/project-private/1">
    <editor-bookmarks xmlns="http://www.netbeans.org/ns/editor-bookmarks/2" lastBookmarkId="0"/>
    <open-files xmlns="http://www.netbeans.org/ns/projectui-open-files/2">
        <group>
            <file>file:/D:/Facul/6o%20Semestre/Computação%20Gráfica/Aula12082019/src/aula02/Oval.java</file>
            <file>file:/D:/Facul/6o%20Semestre/Computação%20Gráfica/Aula12082019/src/aula02/FrmAula02.java</file>
        </group>
    </open-files>
</project-private>
